Designator,Val,Package,Mid X,Mid Y,Rotation,Layer
LED1,SKC6812RGBW,LED_SKC6812RGBW_5050,209.8599mm,210.0000mm,0.00,Top
LED2,SKC6812RGBW,LED_SKC6812RGBW_5050,194.8599mm,235.9808mm,30.00,Top
LED3,SKC6812RGBW,LED_SKC6812RGBW_5050,179.8599mm,210.0000mm,90.00,Top
LED4,SKC6812RGBW,LED_SKC6812RGBW_5050,194.8599mm,184.0192mm,150.00,Top
LED5,SKC6812RGBW,LED_SKC6812RGBW_5050,224.8599mm,184.0192mm,210.00,Top
LED6,SKC6812RGBW,LED_SKC6812RGBW_5050,239.8599mm,210.0000mm,270.00,Top
LED7,SKC6812RGBW,LED_SKC6812RGBW_5050,224.8599mm,235.9808mm,330.00,Top
LED8,SKC6812RGBW,LED_SKC6812RGBW_5050,225.3890mm,267.9555mm,345.00,Top
LED9,SKC6812RGBW,LED_SKC6812RGBW_5050,252.2863mm,252.4264mm,315.00,Top
LED10,SKC6812RGBW,LED_SKC6812RGBW_5050,267.8154mm,225.5291mm,285.00,Top
LED11,SKC6812RGBW,LED_SKC6812RGBW_5050,267.8154mm,194.4709mm,255.00,Top
LED12,SKC6812RGBW,LED_SKC6812RGBW_5050,252.2863mm,167.5736mm,225.00,Top
LED13,SKC6812RGBW,LED_SKC6812RGBW_5050,225.3890mm,152.0445mm,195.00,Top
LED14,SKC6812RGBW,LED_SKC6812RGBW_5050,194.3308mm,152.0445mm,165.00,Top
LED15,SKC6812RGBW,LED_SKC6812RGBW_5050,167.4335mm,167.5736mm,135.00,Top
LED16,SKC6812RGBW,LED_SKC6812RGBW_5050,151.9043mm,194.4709mm,105.00,Top
LED17,SKC6812RGBW,LED_SKC6812RGBW_5050,151.9043mm,225.5291mm,75.00,Top
LED18,SKC6812RGBW,LED_SKC6812RGBW_5050,167.4335mm,252.4264mm,45.00,Top
LED19,SKC6812RGBW,LED_SKC6812RGBW_5050,194.3308mm,267.9555mm,15.00,Top
LED20,SKC6812RGBW,LED_SKC6812RGBW_5050,194.2316mm,298.6327mm,10.00,Top
LED21,SKC6812RGBW,LED_SKC6812RGBW_5050,164.8599mm,287.9423mm,30.00,Top
LED22,SKC6812RGBW,LED_SKC6812RGBW_5050,140.9159mm,267.8509mm,50.00,Top
LED23,SKC6812RGBW,LED_SKC6812RGBW_5050,125.2876mm,240.7818mm,70.00,Top
LED24,SKC6812RGBW,LED_SKC6812RGBW_5050,119.8599mm,210.0000mm,90.00,Top
LED25,SKC6812RGBW,LED_SKC6812RGBW_5050,125.2876mm,179.2182mm,110.00,Top
LED26,SKC6812RGBW,LED_SKC6812RGBW_5050,140.9159mm,152.1491mm,130.00,Top
LED27,SKC6812RGBW,LED_SKC6812RGBW_5050,164.8599mm,132.0577mm,150.00,Top
LED28,SKC6812RGBW,LED_SKC6812RGBW_5050,194.2316mm,121.3673mm,170.00,Top
LED29,SKC6812RGBW,LED_SKC6812RGBW_5050,225.4882mm,121.3673mm,190.00,Top
LED30,SKC6812RGBW,LED_SKC6812RGBW_5050,254.8599mm,132.0577mm,210.00,Top
LED31,SKC6812RGBW,LED_SKC6812RGBW_5050,278.8039mm,152.1491mm,230.00,Top
LED32,SKC6812RGBW,LED_SKC6812RGBW_5050,294.4322mm,179.2182mm,250.00,Top
LED33,SKC6812RGBW,LED_SKC6812RGBW_5050,299.8599mm,210.0000mm,270.00,Top
LED34,SKC6812RGBW,LED_SKC6812RGBW_5050,294.4322mm,240.7818mm,290.00,Top
LED35,SKC6812RGBW,LED_SKC6812RGBW_5050,278.8039mm,267.8509mm,310.00,Top
LED36,SKC6812RGBW,LED_SKC6812RGBW_5050,254.8599mm,287.9423mm,330.00,Top
LED37,SKC6812RGBW,LED_SKC6812RGBW_5050,225.4882mm,298.6327mm,350.00,Top
LED38,SKC6812RGBW,LED_SKC6812RGBW_5050,224.8999mm,329.0538mm,352.80,Top
LED39,SKC6812RGBW,LED_SKC6812RGBW_5050,254.0348mm,321.5732mm,338.40,Top
LED40,SKC6812RGBW,LED_SKC6812RGBW_5050,280.3941mm,307.0820mm,324.00,Top
LED41,SKC6812RGBW,LED_SKC6812RGBW_5050,302.3215mm,286.4909mm,309.60,Top
LED42,SKC6812RGBW,LED_SKC6812RGBW_5050,318.4391mm,261.0935mm,295.20,Top
LED43,SKC6812RGBW,LED_SKC6812RGBW_5050,327.7344mm,232.4858mm,280.80,Top
LED44,SKC6812RGBW,LED_SKC6812RGBW_5050,329.6231mm,202.4651mm,266.40,Top
LED45,SKC6812RGBW,LED_SKC6812RGBW_5050,323.9867mm,172.9180mm,252.00,Top
LED46,SKC6812RGBW,LED_SKC6812RGBW_5050,311.1792mm,145.7008mm,237.60,Top
LED47,SKC6812RGBW,LED_SKC6812RGBW_5050,292.0056mm,122.5238mm,223.20,Top
LED48,SKC6812RGBW,LED_SKC6812RGBW_5050,267.6703mm,104.8432mm,208.80,Top
LED49,SKC6812RGBW,LED_SKC6812RGBW_5050,239.7027mm,93.7700mm,194.40,Top
LED50,SKC6812RGBW,LED_SKC6812RGBW_5050,209.8599mm,90.0000mm,180.00,Top
LED51,SKC6812RGBW,LED_SKC6812RGBW_5050,180.0171mm,93.7700mm,165.60,Top
LED52,SKC6812RGBW,LED_SKC6812RGBW_5050,152.0495mm,104.8432mm,151.20,Top
LED53,SKC6812RGBW,LED_SKC6812RGBW_5050,127.7142mm,122.5238mm,136.80,Top
LED54,SKC6812RGBW,LED_SKC6812RGBW_5050,108.5405mm,145.7008mm,122.40,Top
LED55,SKC6812RGBW,LED_SKC6812RGBW_5050,95.7331mm,172.9180mm,108.00,Top
LED56,SKC6812RGBW,LED_SKC6812RGBW_5050,90.0967mm,202.4651mm,93.60,Top
LED57,SKC6812RGBW,LED_SKC6812RGBW_5050,91.9854mm,232.4858mm,79.20,Top
LED58,SKC6812RGBW,LED_SKC6812RGBW_5050,101.2807mm,261.0935mm,64.80,Top
LED59,SKC6812RGBW,LED_SKC6812RGBW_5050,117.3983mm,286.4909mm,50.40,Top
LED60,SKC6812RGBW,LED_SKC6812RGBW_5050,139.3257mm,307.0820mm,36.00,Top
LED61,SKC6812RGBW,LED_SKC6812RGBW_5050,165.6850mm,321.5732mm,21.60,Top
LED62,SKC6812RGBW,LED_SKC6812RGBW_5050,194.8199mm,329.0538mm,7.20,Top
LED63,SKC6812RGBW,LED_SKC6812RGBW_5050,194.6846mm,359.2304mm,5.81,Top
LED64,SKC6812RGBW,LED_SKC6812RGBW_5050,164.9554mm,353.1209mm,17.42,Top
LED65,SKC6812RGBW,LED_SKC6812RGBW_5050,137.0646mm,341.1520mm,29.03,Top
LED66,SKC6812RGBW,LED_SKC6812RGBW_5050,112.1540mm,323.8137mm,40.65,Top
LED67,SKC6812RGBW,LED_SKC6812RGBW_5050,91.2435mm,301.8159mm,52.26,Top
LED68,SKC6812RGBW,LED_SKC6812RGBW_5050,75.1892mm,276.0591mm,63.87,Top
LED69,SKC6812RGBW,LED_SKC6812RGBW_5050,64.6483mm,247.5979mm,75.48,Top
LED70,SKC6812RGBW,LED_SKC6812RGBW_5050,60.0524mm,217.5974mm,87.10,Top
LED71,SKC6812RGBW,LED_SKC6812RGBW_5050,61.5896mm,187.2858mm,98.71,Top
LED72,SKC6812RGBW,LED_SKC6812RGBW_5050,69.1971mm,157.9042mm,110.32,Top
LED73,SKC6812RGBW,LED_SKC6812RGBW_5050,82.5633mm,130.6554mm,121.94,Top
LED74,SKC6812RGBW,LED_SKC6812RGBW_5050,101.1410mm,106.6550mm,133.55,Top
LED75,SKC6812RGBW,LED_SKC6812RGBW_5050,124.1697mm,86.8855mm,145.16,Top
LED76,SKC6812RGBW,LED_SKC6812RGBW_5050,150.7065mm,72.1563mm,156.77,Top
LED77,SKC6812RGBW,LED_SKC6812RGBW_5050,179.6651mm,63.0705mm,168.39,Top
LED78,SKC6812RGBW,LED_SKC6812RGBW_5050,209.8599mm,60.0000mm,180.00,Top
LED79,SKC6812RGBW,LED_SKC6812RGBW_5050,240.0547mm,63.0705mm,191.61,Top
LED80,SKC6812RGBW,LED_SKC6812RGBW_5050,269.0133mm,72.1563mm,203.23,Top
LED81,SKC6812RGBW,LED_SKC6812RGBW_5050,295.5501mm,86.8855mm,214.84,Top
LED82,SKC6812RGBW,LED_SKC6812RGBW_5050,318.5788mm,106.6550mm,226.45,Top
LED83,SKC6812RGBW,LED_SKC6812RGBW_5050,337.1565mm,130.6554mm,238.06,Top
LED84,SKC6812RGBW,LED_SKC6812RGBW_5050,350.5227mm,157.9042mm,249.68,Top
LED85,SKC6812RGBW,LED_SKC6812RGBW_5050,358.1301mm,187.2858mm,261.29,Top
LED86,SKC6812RGBW,LED_SKC6812RGBW_5050,359.6674mm,217.5974mm,272.90,Top
LED87,SKC6812RGBW,LED_SKC6812RGBW_5050,355.0715mm,247.5979mm,284.52,Top
LED88,SKC6812RGBW,LED_SKC6812RGBW_5050,344.5306mm,276.0591mm,296.13,Top
LED89,SKC6812RGBW,LED_SKC6812RGBW_5050,328.4763mm,301.8159mm,307.74,Top
LED90,SKC6812RGBW,LED_SKC6812RGBW_5050,307.5658mm,323.8137mm,319.36,Top
LED91,SKC6812RGBW,LED_SKC6812RGBW_5050,282.6552mm,341.1520mm,330.97,Top
LED92,SKC6812RGBW,LED_SKC6812RGBW_5050,254.7644mm,353.1209mm,342.58,Top
LED93,SKC6812RGBW,LED_SKC6812RGBW_5050,225.0351mm,359.2304mm,354.19,Top
LED94,SKC6812RGBW,LED_SKC6812RGBW_5050,225.1250mm,389.3515mm,355.13,Top
LED95,SKC6812RGBW,LED_SKC6812RGBW_5050,255.2159mm,384.1919mm,345.40,Top
LED96,SKC6812RGBW,LED_SKC6812RGBW_5050,284.0021mm,374.0211mm,335.68,Top
LED97,SKC6812RGBW,LED_SKC6812RGBW_5050,310.6554mm,359.1317mm,325.95,Top
LED98,SKC6812RGBW,LED_SKC6812RGBW_5050,334.4089mm,339.9521mm,316.22,Top
LED99,SKC6812RGBW,LED_SKC6812RGBW_5050,354.5794mm,317.0340mm,306.49,Top
LED100,SKC6812RGBW,LED_SKC6812RGBW_5050,370.5866mm,291.0367mm,296.76,Top
LED101,SKC6812RGBW,LED_SKC6812RGBW_5050,381.9699mm,262.7081mm,287.03,Top
LED102,SKC6812RGBW,LED_SKC6812RGBW_5050,388.4020mm,232.8632mm,277.30,Top
LED103,SKC6812RGBW,LED_SKC6812RGBW_5050,389.6977mm,202.3606mm,267.57,Top
LED104,SKC6812RGBW,LED_SKC6812RGBW_5050,385.8198mm,172.0777mm,257.84,Top
LED105,SKC6812RGBW,LED_SKC6812RGBW_5050,376.8799mm,142.8858mm,248.11,Top
LED106,SKC6812RGBW,LED_SKC6812RGBW_5050,363.1351mm,115.6247mm,238.38,Top
LED107,SKC6812RGBW,LED_SKC6812RGBW_5050,344.9809mm,91.0785mm,228.65,Top
LED108,SKC6812RGBW,LED_SKC6812RGBW_5050,322.9395mm,69.9536mm,218.92,Top
LED109,SKC6812RGBW,LED_SKC6812RGBW_5050,297.6450mm,52.8575mm,209.19,Top
LED110,SKC6812RGBW,LED_SKC6812RGBW_5050,269.8251mm,40.2821mm,199.46,Top
LED111,SKC6812RGBW,LED_SKC6812RGBW_5050,240.2800mm,32.5891mm,189.73,Top
LED112,SKC6812RGBW,LED_SKC6812RGBW_5050,209.8599mm,30.0000mm,180.00,Top
LED113,SKC6812RGBW,LED_SKC6812RGBW_5050,179.4398mm,32.5891mm,170.27,Top
LED114,SKC6812RGBW,LED_SKC6812RGBW_5050,149.8947mm,40.2821mm,160.54,Top
LED115,SKC6812RGBW,LED_SKC6812RGBW_5050,122.0748mm,52.8575mm,150.81,Top
LED116,SKC6812RGBW,LED_SKC6812RGBW_5050,96.7803mm,69.9536mm,141.08,Top
LED117,SKC6812RGBW,LED_SKC6812RGBW_5050,74.7389mm,91.0785mm,131.35,Top
LED118,SKC6812RGBW,LED_SKC6812RGBW_5050,56.5847mm,115.6247mm,121.62,Top
LED119,SKC6812RGBW,LED_SKC6812RGBW_5050,42.8399mm,142.8858mm,111.89,Top
LED120,SKC6812RGBW,LED_SKC6812RGBW_5050,33.9000mm,172.0777mm,102.16,Top
LED121,SKC6812RGBW,LED_SKC6812RGBW_5050,30.0221mm,202.3606mm,92.43,Top
LED122,SKC6812RGBW,LED_SKC6812RGBW_5050,31.3178mm,232.8632mm,82.70,Top
LED123,SKC6812RGBW,LED_SKC6812RGBW_5050,37.7499mm,262.7081mm,72.97,Top
LED124,SKC6812RGBW,LED_SKC6812RGBW_5050,49.1332mm,291.0367mm,63.24,Top
LED125,SKC6812RGBW,LED_SKC6812RGBW_5050,65.1404mm,317.0340mm,53.51,Top
LED126,SKC6812RGBW,LED_SKC6812RGBW_5050,85.3109mm,339.9521mm,43.78,Top
LED127,SKC6812RGBW,LED_SKC6812RGBW_5050,109.0644mm,359.1317mm,34.05,Top
LED128,SKC6812RGBW,LED_SKC6812RGBW_5050,135.7177mm,374.0211mm,24.32,Top
LED129,SKC6812RGBW,LED_SKC6812RGBW_5050,164.5038mm,384.1919mm,14.60,Top
LED130,SKC6812RGBW,LED_SKC6812RGBW_5050,194.5948mm,389.3515mm,4.87,Top
LED131,SKC6812RGBW,LED_SKC6812RGBW_5050,194.5309mm,419.4398mm,4.19,Top
LED132,SKC6812RGBW,LED_SKC6812RGBW_5050,164.1996mm,414.9759mm,12.56,Top
LED133,SKC6812RGBW,LED_SKC6812RGBW_5050,134.8414mm,406.1434mm,20.93,Top
LED134,SKC6812RGBW,LED_SKC6812RGBW_5050,107.0822mm,393.1304mm,29.30,Top
LED135,SKC6812RGBW,LED_SKC6812RGBW_5050,81.5134mm,376.2143mm,37.67,Top
LED136,SKC6812RGBW,LED_SKC6812RGBW_5050,58.6802mm,355.7556mm,46.05,Top
LED137,SKC6812RGBW,LED_SKC6812RGBW_5050,39.0691mm,332.1904mm,54.42,Top
LED138,SKC6812RGBW,LED_SKC6812RGBW_5050,23.0980mm,306.0209mm,62.79,Top
LED139,SKC6812RGBW,LED_SKC6812RGBW_5050,11.1075mm,277.8049mm,71.16,Top
LED140,SKC6812RGBW,LED_SKC6812RGBW_5050,3.3531mm,248.1437mm,79.53,Top
LED141,SKC6812RGBW,LED_SKC6812RGBW_5050,0.0000mm,217.6696mm,87.91,Top
LED142,SKC6812RGBW,LED_SKC6812RGBW_5050,1.1197mm,187.0320mm,96.28,Top
LED143,SKC6812RGBW,LED_SKC6812RGBW_5050,6.6883mm,156.8840mm,104.65,Top
LED144,SKC6812RGBW,LED_SKC6812RGBW_5050,16.5872mm,127.8680mm,113.02,Top
LED145,SKC6812RGBW,LED_SKC6812RGBW_5050,30.6053mm,100.6025mm,121.39,Top
LED146,SKC6812RGBW,LED_SKC6812RGBW_5050,48.4440mm,75.6687mm,129.77,Top
LED147,SKC6812RGBW,LED_SKC6812RGBW_5050,69.7229mm,53.5978mm,138.14,Top
LED148,SKC6812RGBW,LED_SKC6812RGBW_5050,93.9887mm,34.8605mm,146.51,Top
LED149,SKC6812RGBW,LED_SKC6812RGBW_5050,120.7240mm,19.8559mm,154.88,Top
LED150,SKC6812RGBW,LED_SKC6812RGBW_5050,149.3591mm,8.9039mm,163.26,Top
LED151,SKC6812RGBW,LED_SKC6812RGBW_5050,179.2837mm,2.2379mm,171.63,Top
LED152,SKC6812RGBW,LED_SKC6812RGBW_5050,209.8599mm,0.0000mm,180.00,Top
LED153,SKC6812RGBW,LED_SKC6812RGBW_5050,240.4361mm,2.2379mm,188.37,Top
LED154,SKC6812RGBW,LED_SKC6812RGBW_5050,270.3607mm,8.9039mm,196.74,Top
LED155,SKC6812RGBW,LED_SKC6812RGBW_5050,298.9958mm,19.8559mm,205.12,Top
LED156,SKC6812RGBW,LED_SKC6812RGBW_5050,325.7311mm,34.8605mm,213.49,Top
LED157,SKC6812RGBW,LED_SKC6812RGBW_5050,349.9968mm,53.5978mm,221.86,Top
LED158,SKC6812RGBW,LED_SKC6812RGBW_5050,371.2758mm,75.6687mm,230.23,Top
LED159,SKC6812RGBW,LED_SKC6812RGBW_5050,389.1144mm,100.6025mm,238.60,Top
LED160,SKC6812RGBW,LED_SKC6812RGBW_5050,403.1326mm,127.8680mm,246.98,Top
LED161,SKC6812RGBW,LED_SKC6812RGBW_5050,413.0315mm,156.8840mm,255.35,Top
LED162,SKC6812RGBW,LED_SKC6812RGBW_5050,418.6001mm,187.0320mm,263.72,Top
LED163,SKC6812RGBW,LED_SKC6812RGBW_5050,419.7198mm,217.6696mm,272.09,Top
LED164,SKC6812RGBW,LED_SKC6812RGBW_5050,416.3667mm,248.1437mm,280.46,Top
LED165,SKC6812RGBW,LED_SKC6812RGBW_5050,408.6123mm,277.8049mm,288.84,Top
LED166,SKC6812RGBW,LED_SKC6812RGBW_5050,396.6217mm,306.0209mm,297.21,Top
LED167,SKC6812RGBW,LED_SKC6812RGBW_5050,380.6507mm,332.1904mm,305.58,Top
LED168,SKC6812RGBW,LED_SKC6812RGBW_5050,361.0396mm,355.7556mm,313.95,Top
LED169,SKC6812RGBW,LED_SKC6812RGBW_5050,338.2064mm,376.2143mm,322.33,Top
LED170,SKC6812RGBW,LED_SKC6812RGBW_5050,312.6376mm,393.1304mm,330.70,Top
LED171,SKC6812RGBW,LED_SKC6812RGBW_5050,284.8784mm,406.1434mm,339.07,Top
LED172,SKC6812RGBW,LED_SKC6812RGBW_5050,255.5202mm,414.9759mm,347.44,Top
LED173,SKC6812RGBW,LED_SKC6812RGBW_5050,225.1889mm,419.4398mm,355.81,Top
C1,100nF,C0603,207.4099mm,214.4000mm,90.00,Top
C2,100nF,C0603,190.5381mm,238.5663mm,120.00,Top
C3,100nF,C0603,175.4599mm,207.5500mm,180.00,Top
C4,100nF,C0603,194.7817mm,178.9837mm,240.00,Top
C5,100nF,C0603,229.1817mm,181.4337mm,300.00,Top
C6,100nF,C0603,244.2599mm,212.4500mm,0.00,Top
C7,100nF,C0603,224.9381mm,241.0163mm,60.00,Top
C8,100nF,C0603,224.1613mm,272.8397mm,75.00,Top
C9,100nF,C0603,253.6652mm,257.2701mm,45.00,Top
C10,100nF,C0603,271.4314mm,229.0344mm,15.00,Top
C11,100nF,C0603,272.6996mm,195.6986mm,345.00,Top
C12,100nF,C0603,257.1300mm,166.1947mm,315.00,Top
C13,100nF,C0603,228.8943mm,148.4285mm,285.00,Top
C14,100nF,C0603,195.5585mm,147.1603mm,255.00,Top
C15,100nF,C0603,166.0546mm,162.7299mm,225.00,Top
C16,100nF,C0603,148.2883mm,190.9656mm,195.00,Top
C17,100nF,C0603,147.0201mm,224.3014mm,165.00,Top
C18,100nF,C0603,162.5898mm,253.8053mm,135.00,Top
C19,100nF,C0603,190.8255mm,271.5715mm,105.00,Top
C20,100nF,C0603,191.0548mm,302.5404mm,100.00,Top
C21,100nF,C0603,160.5381mm,290.5278mm,120.00,Top
C22,100nF,C0603,135.9705mm,268.8024mm,140.00,Top
C23,100nF,C0603,120.3150mm,239.9844mm,160.00,Top
C24,100nF,C0603,115.4599mm,207.5500mm,180.00,Top
C25,100nF,C0603,121.9909mm,175.4111mm,200.00,Top
C26,100nF,C0603,139.1201mm,147.4440mm,220.00,Top
C27,100nF,C0603,164.7817mm,127.0222mm,240.00,Top
C28,100nF,C0603,195.8803mm,116.6087mm,260.00,Top
C29,100nF,C0603,228.6650mm,117.4596mm,280.00,Top
C30,100nF,C0603,259.1817mm,129.4722mm,300.00,Top
C31,100nF,C0603,283.7493mm,151.1976mm,320.00,Top
C32,100nF,C0603,299.4048mm,180.0156mm,340.00,Top
C33,100nF,C0603,304.2599mm,212.4500mm,0.00,Top
C34,100nF,C0603,297.7289mm,244.5889mm,20.00,Top
C35,100nF,C0603,280.5997mm,272.5560mm,40.00,Top
C36,100nF,C0603,254.9381mm,292.9778mm,60.00,Top
C37,100nF,C0603,223.8395mm,303.3913mm,80.00,Top
C38,100nF,C0603,223.0207mm,333.7262mm,82.80,Top
C39,100nF,C0603,253.3766mm,326.5661mm,68.40,Top
C40,100nF,C0603,280.9983mm,312.0817mm,54.00,Top
C41,100nF,C0603,304.1501mm,291.1833mm,39.60,Top
C42,100nF,C0603,321.3772mm,265.1838mm,25.20,Top
C43,100nF,C0603,331.5974mm,235.7169mm,10.80,Top
C44,100nF,C0603,334.1683mm,204.6340mm,356.40,Top
C45,100nF,C0603,328.9284mm,173.8884mm,342.00,Top
C46,100nF,C0603,316.2070mm,145.4118mm,327.60,Top
C47,100nF,C0603,296.8036mm,120.9935mm,313.20,Top
C48,100nF,C0603,271.9370mm,102.1677mm,298.80,Top
C49,100nF,C0603,243.1700mm,90.1175mm,284.40,Top
C50,100nF,C0603,212.3099mm,85.6000mm,270.00,Top
C51,100nF,C0603,181.2959mm,88.8989mm,255.60,Top
C52,100nF,C0603,152.0767mm,99.8072mm,241.20,Top
C53,100nF,C0603,126.4882mm,117.6392mm,226.80,Top
C54,100nF,C0603,106.1382mm,141.2746mm,212.40,Top
C55,100nF,C0603,92.3055mm,169.2282mm,198.00,Top
C56,100nF,C0603,85.8592mm,199.7437mm,183.60,Top
C57,100nF,C0603,87.2043mm,230.9037mm,169.20,Top
C58,100nF,C0603,96.2563mm,260.7501mm,154.80,Top
C59,100nF,C0603,112.4464mm,287.4078mm,140.40,Top
C60,100nF,C0603,134.7574mm,309.2016mm,126.00,Top
C61,100nF,C0603,161.7873mm,324.7623mm,111.60,Top
C62,100nF,C0603,191.8378mm,333.1120mm,97.20,Top
C63,100nF,C0603,191.8021mm,363.3600mm,95.81,Top
C64,100nF,C0603,161.3006mm,356.5857mm,107.42,Top
C65,100nF,C0603,132.7871mm,343.8102mm,119.03,Top
C66,100nF,C0603,107.4290mm,325.5564mm,130.65,Top
C67,100nF,C0603,86.2644mm,302.5718mm,142.26,Top
C68,100nF,C0603,70.1599mm,275.7972mm,153.87,Top
C69,100nF,C0603,59.7747mm,246.3290mm,165.48,Top
C70,100nF,C0603,55.5340mm,215.3734mm,177.10,Top
C71,100nF,C0603,57.6114mm,184.1977mm,188.71,Top
C72,100nF,C0603,65.9219mm,154.0785mm,200.32,Top
C73,100nF,C0603,80.1252mm,126.2488mm,211.94,Top
C74,100nF,C0603,99.6398mm,101.8478mm,223.55,Top
C75,100nF,C0603,123.6670mm,81.8745mm,235.16,Top
C76,100nF,C0603,151.2228mm,67.1467mm,246.77,Top
C77,100nF,C0603,181.1792mm,58.2674mm,258.39,Top
C78,100nF,C0603,212.3099mm,55.6000mm,270.00,Top
C79,100nF,C0603,243.3403mm,59.2538mm,281.61,Top
C80,100nF,C0603,272.9999mm,69.0791mm,293.23,Top
C81,100nF,C0603,300.0746mm,84.6738mm,304.84,Top
C82,100nF,C0603,323.4559mm,105.3993mm,316.45,Top
C83,100nF,C0603,342.1865mm,130.4072mm,328.06,Top
C84,100nF,C0603,355.4997mm,158.6735mm,339.68,Top
C85,100nF,C0603,362.8504mm,189.0412mm,351.29,Top
C86,100nF,C0603,363.9377mm,220.2671mm,2.90,Top
C87,100nF,C0603,358.7169mm,251.0726mm,14.52,Top
C88,100nF,C0603,347.4020mm,280.1965mm,26.13,Top
C89,100nF,C0603,330.4560mm,306.4466mm,37.74,Top
C90,100nF,C0603,308.5729mm,328.7481mm,49.35,Top
C91,100nF,C0603,282.6484mm,346.1881mm,60.97,Top
C92,100nF,C0603,253.7439mm,358.0525mm,72.58,Top
C93,100nF,C0603,223.0428mm,363.8557mm,84.19,Top
C94,100nF,C0603,223.0570mm,393.9434mm,85.14,Top
C95,100nF,C0603,253.9537mm,389.0673mm,75.41,Top
C96,100nF,C0603,283.5819mm,379.0397mm,65.68,Top
C97,100nF,C0603,311.0894mm,364.1491mm,55.95,Top
C98,100nF,C0603,335.6847mm,344.8240mm,46.22,Top
C99,100nF,C0603,356.6602mm,321.6202mm,36.49,Top
C100,100nF,C0603,373.4125mm,295.2053mm,26.76,Top
C101,100nF,C0603,385.4596mm,266.3391mm,17.03,Top
C102,100nF,C0603,392.4552mm,235.8522mm,7.30,Top
C103,100nF,C0603,394.1977mm,204.6217mm,357.57,Top
C104,100nF,C0603,390.6372mm,173.5457mm,347.84,Top
C105,100nF,C0603,381.8761mm,143.5186mm,338.11,Top
C106,100nF,C0603,368.1664mm,115.4040mm,328.38,Top
C107,100nF,C0603,349.9025mm,90.0107mm,318.65,Top
C108,100nF,C0603,327.6099mm,68.0694mm,308.92,Top
C109,100nF,C0603,301.9297mm,50.2111mm,299.19,Top
C110,100nF,C0603,273.6009mm,36.9496mm,289.46,Top
C111,100nF,C0603,243.4384mm,28.6665mm,279.73,Top
C112,100nF,C0603,212.3099mm,25.6000mm,270.00,Top
C113,100nF,C0603,181.1109mm,27.8383mm,260.27,Top
C114,100nF,C0603,150.7390mm,35.3173mm,250.54,Top
C115,100nF,C0603,122.0678mm,47.8214mm,240.81,Top
C116,100nF,C0603,95.9223mm,64.9911mm,231.08,Top
C117,100nF,C0603,73.0546mm,86.3324mm,221.35,Top
C118,100nF,C0603,54.1226mm,111.2315mm,211.62,Top
C119,100nF,C0603,39.6707mm,138.9719mm,201.89,Top
C120,100nF,C0603,30.1149mm,168.7557mm,192.16,Top
C121,100nF,C0603,25.7300mm,199.7261mm,182.43,Top
C122,100nF,C0603,26.6423mm,230.9919mm,172.70,Top
C123,100nF,C0603,32.8254mm,261.6539mm,162.97,Top
C124,100nF,C0603,44.1013mm,290.8299mm,153.24,Top
C125,100nF,C0603,60.1460mm,317.6806mm,143.51,Top
C126,100nF,C0603,80.4976mm,341.4334mm,133.78,Top
C127,100nF,C0603,104.5707mm,361.4052mm,124.05,Top
C128,100nF,C0603,131.6728mm,377.0214mm,114.32,Top
C129,100nF,C0603,161.0241mm,387.8326mm,104.59,Top
C130,100nF,C0603,191.7805mm,393.5279mm,94.86,Top
C131,100nF,C0603,191.7663mm,423.6492mm,94.19,Top
C132,100nF,C0603,160.8515mm,418.7379mm,102.56,Top
C133,100nF,C0603,130.9813mm,409.3779mm,110.93,Top
C134,100nF,C0603,102.7923mm,395.7684mm,119.30,Top
C135,100nF,C0603,76.8851mm,378.1995mm,127.67,Top
C136,100nF,C0603,53.8121mm,357.0457mm,136.05,Top
C137,100nF,C0603,34.0651mm,332.7580mm,144.42,Top
C138,100nF,C0603,18.0647mm,305.8539mm,152.79,Top
C139,100nF,C0603,6.1521mm,276.9068mm,161.16,Top
C140,100nF,C0603,-1.4187mm,246.5336mm,169.53,Top
C141,100nF,C0603,-4.4865mm,215.3819mm,177.91,Top
C142,100nF,C0603,-2.9859mm,184.1155mm,186.28,Top
C143,100nF,C0603,3.0510mm,153.4008mm,194.65,Top
C144,100nF,C0603,13.4959mm,123.8923mm,203.02,Top
C145,100nF,C0603,28.1258mm,96.2191mm,211.40,Top
C146,100nF,C0603,46.6291mm,70.9710mm,219.77,Top
C147,100nF,C0603,68.6114mm,48.6859mm,228.14,Top
C148,100nF,C0603,93.6042mm,29.8391mm,236.51,Top
C149,100nF,C0603,121.0748mm,14.8320mm,244.88,Top
C150,100nF,C0603,150.4376mm,3.9846mm,253.26,Top
C151,100nF,C0603,181.0670mm,-2.4719mm,261.63,Top
C152,100nF,C0603,212.3099mm,-4.4000mm,270.00,Top
C153,100nF,C0603,243.5006mm,-1.7585mm,278.37,Top
C154,100nF,C0603,273.9744mm,5.3963mm,286.74,Top
C155,100nF,C0603,303.0817mm,16.9118mm,295.12,Top
C156,100nF,C0603,330.2022mm,32.5427mm,303.49,Top
C157,100nF,C0603,354.7577mm,51.9557mm,311.86,Top
C158,100nF,C0603,376.2251mm,74.7374mm,320.23,Top
C159,100nF,C0603,394.1465mm,100.4017mm,328.61,Top
C160,100nF,C0603,408.1403mm,128.4020mm,336.98,Top
C161,100nF,C0603,417.9081mm,158.1414mm,345.35,Top
C162,100nF,C0603,423.2417mm,188.9861mm,353.72,Top
C163,100nF,C0603,424.0274mm,220.2787mm,2.09,Top
C164,100nF,C0603,420.2485mm,251.3521mm,10.46,Top
C165,100nF,C0603,411.9856mm,281.5443mm,18.84,Top
C166,100nF,C0603,399.4146mm,310.2116mm,27.21,Top
C167,100nF,C0603,382.8037mm,336.7431mm,35.58,Top
C168,100nF,C0603,362.5067mm,360.5733mm,43.95,Top
C169,100nF,C0603,338.9564mm,381.1943mm,52.33,Top
C170,100nF,C0603,312.6545mm,398.1665mm,60.70,Top
C171,100nF,C0603,284.1619mm,411.1283mm,69.07,Top
C172,100nF,C0603,254.0855mm,419.8033mm,77.44,Top
C173,100nF,C0603,223.0666mm,424.0069mm,85.81,Top
MH1,M3_standoff,BSMTSO-M3,21.7280mm,105.9261mm,0.00,Bottom
MH2,M3_standoff,BSMTSO-M3,23.6644mm,317.5000mm,0.00,Bottom
MH3,M3_standoff,BSMTSO-M3,209.8599mm,425.0000mm,0.00,Bottom
MH4,M3_standoff,BSMTSO-M3,219.6894mm,-4.7752mm,0.00,Bottom
MH5,M3_standoff,BSMTSO-M3,396.0553mm,317.5000mm,0.00,Bottom
MH6,M3_standoff,BSMTSO-M3,398.9360mm,107.6515mm,0.00,Bottom
